keymap,key,command,state,fred_key
org-mode-map,<drag-mouse-3>,org-mouse-yank-link,missing,
org-mode-map,S-<mouse-2>,org-mouse-yank-link,missing,
org-mode-map,<down-mouse-1>,org-mouse-down-mouse,missing,
org-mode-map,<mouse-3>,org-mouse-show-context-menu,missing,
org-mode-map,C-#,org-table-rotate-recalc-marks,missing,
org-mode-map,C-j,org-return-and-maybe-indent,missing,
org-mode-map,RET,org-return,missing,
org-mode-map,C-',org-cycle-agenda-files,missing,
org-mode-map,"C-,",org-cycle-agenda-files,missing,
org-mode-map,C-S-<return>,org-insert-todo-heading-respect-content,missing,
org-mode-map,C-<return>,org-insert-heading-respect-content,missing,
org-mode-map,|,org-force-self-insert,missing,
org-mode-map,C-x n e,org-narrow-to-element,missing,
org-mode-map,C-x n b,org-narrow-to-block,missing,
org-mode-map,C-x n s,org-narrow-to-subtree,missing,
org-mode-map,C-S-<down>,org-shiftcontroldown,missing,
org-mode-map,C-S-<up>,org-shiftcontrolup,missing,
org-mode-map,C-S-<left>,org-shiftcontrolleft,missing,
org-mode-map,C-S-<right>,org-shiftcontrolright,missing,
org-mode-map,S-<right>,org-shiftright,missing,
org-mode-map,S-<left>,org-shiftleft,missing,
org-mode-map,S-<down>,org-shiftdown,missing,
org-mode-map,S-<up>,org-shiftup,missing,
org-mode-map,M-S-<down>,org-shiftmetadown,missing,
org-mode-map,M-S-<up>,org-shiftmetaup,missing,
org-mode-map,M-S-<right>,org-shiftmetaright,missing,
org-mode-map,M-S-<left>,org-shiftmetaleft,missing,
org-mode-map,C-M-S-<left>,org-decrease-number-at-point,missing,
org-mode-map,C-M-S-<right>,org-increase-number-at-point,missing,
org-mode-map,M-<down>,org-metadown,missing,
org-mode-map,M-<up>,org-metaup,missing,
org-mode-map,M-<right>,org-metaright,missing,
org-mode-map,M-<left>,org-metaleft,missing,
org-mode-map,M-S-<return>,org-insert-todo-heading,missing,
org-mode-map,S-RET,org-table-copy-down,missing,
org-mode-map,S-<return>,org-table-copy-down,missing,
org-mode-map,<backtab>,org-shifttab,missing,
org-mode-map,S-TAB,org-shifttab,missing,
org-mode-map,M-h,org-mark-element,missing,
org-mode-map,M-{,org-backward-element,missing,
org-mode-map,M-},org-forward-element,missing,
org-mode-map,C-M-t,org-transpose-element,missing,
org-mode-map,ESC S-<down>,org-shiftmetadown,missing,
org-mode-map,ESC S-<up>,org-shiftmetaup,missing,
org-mode-map,ESC S-<right>,org-shiftmetaright,missing,
org-mode-map,ESC S-<left>,org-shiftmetaleft,missing,
org-mode-map,ESC <down>,org-metadown,missing,
org-mode-map,ESC <up>,org-metaup,missing,
org-mode-map,ESC <right>,org-metaright,missing,
org-mode-map,ESC <left>,org-metaleft,missing,
org-mode-map,M-RET,org-meta-return,missing,
org-mode-map,M-S-RET,org-insert-todo-heading,missing,
org-mode-map,TAB,org-cycle,missing,
org-mode-map,C-c C-v C-M-h,org-babel-mark-block,missing,
org-mode-map,C-c C-v k,org-babel-remove-result-one-or-many,missing,
org-mode-map,C-c C-v x,org-babel-do-key-sequence-in-edit-buffer,missing,
org-mode-map,C-c C-v C-x,org-babel-do-key-sequence-in-edit-buffer,missing,
org-mode-map,C-c C-v h,org-babel-describe-bindings,missing,
org-mode-map,C-c C-v a,org-babel-sha1-hash,missing,
org-mode-map,C-c C-v C-a,org-babel-sha1-hash,missing,
org-mode-map,C-c C-v z,org-babel-switch-to-session-with-code,missing,
org-mode-map,C-c C-v C-z,org-babel-switch-to-session,missing,
org-mode-map,C-c C-v I,org-babel-view-src-block-info,missing,
org-mode-map,C-c C-v i,org-babel-lob-ingest,missing,
org-mode-map,C-c C-v TAB,org-babel-view-src-block-info,missing,
org-mode-map,C-c C-v l,org-babel-load-in-session,missing,
org-mode-map,C-c C-v C-l,org-babel-load-in-session,missing,
org-mode-map,C-c C-v j,org-babel-insert-header-arg,missing,
org-mode-map,C-c C-v C-j,org-babel-insert-header-arg,missing,
org-mode-map,C-c C-v c,org-babel-check-src-block,missing,
org-mode-map,C-c C-v C-c,org-babel-check-src-block,missing,
org-mode-map,C-c C-v f,org-babel-tangle-file,missing,
org-mode-map,C-c C-v C-f,org-babel-tangle-file,missing,
org-mode-map,C-c C-v t,org-babel-tangle,missing,
org-mode-map,C-c C-v C-t,org-babel-tangle,missing,
org-mode-map,C-c C-v d,org-babel-demarcate-block,missing,
org-mode-map,C-c C-v C-d,org-babel-demarcate-block,missing,
org-mode-map,C-c C-v s,org-babel-execute-subtree,missing,
org-mode-map,C-c C-v C-s,org-babel-execute-subtree,missing,
org-mode-map,C-c C-v b,org-babel-execute-buffer,missing,
org-mode-map,C-c C-v C-b,org-babel-execute-buffer,missing,
org-mode-map,C-c C-v C-r,org-babel-goto-named-result,missing,
org-mode-map,C-c C-v r,org-babel-goto-named-result,missing,
org-mode-map,C-c C-v g,org-babel-goto-named-src-block,missing,
org-mode-map,C-c C-v C-u,org-babel-goto-src-block-head,missing,
org-mode-map,C-c C-v u,org-babel-goto-src-block-head,missing,
org-mode-map,C-c C-v v,org-babel-expand-src-block,missing,
org-mode-map,C-c C-v C-v,org-babel-expand-src-block,missing,
org-mode-map,C-c C-v C-o,org-babel-open-src-block-result,missing,
org-mode-map,C-c C-v o,org-babel-open-src-block-result,missing,
org-mode-map,C-c C-v C-e,org-babel-execute-maybe,missing,
org-mode-map,C-c C-v e,org-babel-execute-maybe,missing,
org-mode-map,C-c C-v C-n,org-babel-next-src-block,missing,
org-mode-map,C-c C-v n,org-babel-next-src-block,missing,
org-mode-map,C-c C-v C-p,org-babel-previous-src-block,missing,
org-mode-map,C-c C-v p,org-babel-previous-src-block,missing,
org-mode-map,"C-c C-,",org-insert-structure-template,missing,
org-mode-map,C-c C-*,org-list-make-subtree,missing,
org-mode-map,C-c @,org-mark-subtree,missing,
org-mode-map,C-c :,org-toggle-fixed-width,missing,
org-mode-map,C-c C-e,org-export-dispatch,missing,
org-mode-map,C-c {,org-table-toggle-formula-debugger,missing,
org-mode-map,C-c },org-table-toggle-coordinate-overlays,missing,
org-mode-map,C-c C-a,org-attach,missing,
org-mode-map,C-c ~,org-table-create-with-table.el,missing,
org-mode-map,C-c |,org-table-create-or-convert-from-region,missing,
org-mode-map,"C-c "" g",org-plot/gnuplot,missing,
org-mode-map,"C-c "" a",orgtbl-ascii-plot,missing,
org-mode-map,C-c `,org-table-edit-field,missing,
org-mode-map,C-c ',org-edit-special,missing,
org-mode-map,C-c =,org-table-eval-formula,missing,
org-mode-map,C-c +,org-table-sum,missing,
org-mode-map,C-c ?,org-table-field-info,missing,
org-mode-map,C-c #,org-update-statistics-cookies,missing,
org-mode-map,C-c C-k,org-kill-note-or-show-branches,missing,
org-mode-map,C-c C-c,org-ctrl-c-ctrl-c,missing,
org-mode-map,C-c ^,org-sort,missing,
org-mode-map,C-c TAB,org-ctrl-c-tab,missing,
org-mode-map,C-c *,org-ctrl-c-star,missing,
org-mode-map,C-c -,org-ctrl-c-minus,missing,
org-mode-map,C-c ],org-remove-file,missing,
org-mode-map,C-c [,org-agenda-file-to-front,missing,
org-mode-map,C-c <,org-date-from-calendar,missing,
org-mode-map,C-c >,org-goto-calendar,missing,
org-mode-map,C-c C-y,org-evaluate-time-range,missing,
org-mode-map,"C-c ,",org-priority,missing,
org-mode-map,C-c !,org-timestamp-inactive,missing,
org-mode-map,C-c .,org-timestamp,missing,
org-mode-map,C-c C-z,org-add-note,missing,
org-mode-map,C-c &,org-mark-ring-goto,missing,
org-mode-map,C-c %,org-mark-ring-push,missing,
org-mode-map,C-c C-o,org-open-at-point,missing,
org-mode-map,C-c C-l,org-insert-link,missing,
org-mode-map,C-c RET,org-ctrl-c-ret,missing,
org-mode-map,C-c \,org-match-sparse-tree,missing,
org-mode-map,C-c /,org-sparse-tree,missing,
org-mode-map,C-c C-w,org-refile,missing,
org-mode-map,C-c ;,org-toggle-comment,missing,
org-mode-map,C-c C-d,org-deadline,missing,
org-mode-map,C-c C-s,org-schedule,missing,
org-mode-map,C-c C-q,org-set-tags-command,missing,
org-mode-map,C-c C-t,org-todo,missing,
org-mode-map,C-c C-j,org-goto,missing,
org-mode-map,C-c $,org-archive-subtree,missing,
org-mode-map,C-c C-M-l,org-insert-all-links,missing,
org-mode-map,C-c M-l,org-insert-last-stored-link,missing,
org-mode-map,C-c C-M-w,org-refile-reverse,missing,
org-mode-map,C-c M-w,org-refile-copy,missing,
org-mode-map,C-c M-b,org-previous-block,missing,
org-mode-map,C-c M-f,org-next-block,missing,
org-mode-map,C-c C-b,org-backward-heading-same-level,missing,
org-mode-map,C-c C-f,org-forward-heading-same-level,missing,
org-mode-map,C-c C-_,org-down-element,missing,
org-mode-map,C-c C-^,org-up-element,missing,
org-mode-map,C-c C-r,org-fold-reveal,missing,
org-mode-map,C-c <right>,org-shiftright,missing,
org-mode-map,C-c <left>,org-shiftleft,missing,
org-mode-map,C-c <down>,org-shiftdown,missing,
org-mode-map,C-c <up>,org-shiftup,missing,
org-mode-map,C-c C-<tab>,org-cycle-force-archived,missing,
org-mode-map,C-c C-x t,org-inlinetask-insert-task,missing,
org-mode-map,C-c C-x C-e,org-clock-modify-effort-estimate,missing,
org-mode-map,C-c C-x I,org-info-find-node,missing,
org-mode-map,C-c C-x [,org-reftex-citation,missing,
org-mode-map,C-c C-x @,org-cite-insert,missing,
org-mode-map,C-c C-x G,org-feed-goto-inbox,missing,
org-mode-map,C-c C-x g,org-feed-update-all,missing,
org-mode-map,C-c C-x !,org-reload,missing,
org-mode-map,C-c C-x C-c,org-columns,missing,
org-mode-map,"C-c C-x ,",org-timer-pause-or-continue,missing,
org-mode-map,C-c C-x ;,org-timer-set-timer,missing,
org-mode-map,C-c C-x _,org-timer-stop,missing,
org-mode-map,C-c C-x 0,org-timer-start,missing,
org-mode-map,C-c C-x -,org-timer-item,missing,
org-mode-map,C-c C-x .,org-timer,missing,
org-mode-map,C-c C-x o,org-toggle-ordered-property,missing,
org-mode-map,C-c C-x E,org-inc-effort,missing,
org-mode-map,C-c C-x e,org-set-effort,missing,
org-mode-map,C-c C-x P,org-set-property-and-value,missing,
org-mode-map,C-c C-x p,org-set-property,missing,
org-mode-map,C-c C-x C-r,org-toggle-radio-button,missing,
org-mode-map,C-c C-x C-b,org-toggle-checkbox,missing,
org-mode-map,C-c C-x \,org-toggle-pretty-entities,missing,
org-mode-map,C-c C-x C-v,org-link-preview,missing,
org-mode-map,C-c C-x C-l,org-latex-preview,missing,
org-mode-map,C-c C-x C-u,org-dblock-update,missing,
org-mode-map,C-c C-x x,org-dynamic-block-insert-dblock,missing,
org-mode-map,C-c C-x C-d,org-clock-display,missing,
org-mode-map,C-c C-x C-q,org-clock-cancel,missing,
org-mode-map,C-c C-x C-j,org-clock-goto,missing,
org-mode-map,C-c C-x C-o,org-clock-out,missing,
org-mode-map,C-c C-x C-z,org-resolve-clocks,missing,
org-mode-map,C-c C-x C-x,org-clock-in-last,missing,
org-mode-map,C-c C-x TAB,org-clock-in,missing,
org-mode-map,C-c C-x C-t,org-toggle-timestamp-overlays,missing,
org-mode-map,C-c C-x C-y,org-paste-special,missing,
org-mode-map,C-c C-x C-M-v,org-link-preview-refresh,missing,
org-mode-map,C-c C-x M-w,org-copy-special,missing,
org-mode-map,C-c C-x C-w,org-cut-special,missing,
org-mode-map,C-c C-x f,org-footnote-action,missing,
org-mode-map,C-c C-x C-f,org-emphasize,missing,
org-mode-map,C-c C-x >,org-agenda-remove-restriction-lock,missing,
org-mode-map,C-c C-x <,org-agenda-set-restriction-lock,missing,
org-mode-map,C-c C-x C-p,org-previous-link,missing,
org-mode-map,C-c C-x C-n,org-next-link,missing,
org-mode-map,C-c C-x v,org-copy-visible,missing,
org-mode-map,C-c C-x q,org-toggle-tags-groups,missing,
org-mode-map,C-c C-x b,org-tree-to-indirect-buffer,missing,
org-mode-map,C-c C-x A,org-archive-to-archive-sibling,missing,
org-mode-map,C-c C-x a,org-toggle-archive-tag,missing,
org-mode-map,C-c C-x C-a,org-archive-subtree-default,missing,
org-mode-map,C-c C-x C-s,org-archive-subtree,missing,
org-mode-map,C-c C-x <left>,org-shiftcontrolleft,missing,
org-mode-map,C-c C-x <right>,org-shiftcontrolright,missing,
org-mode-map,C-c C-x D,org-shiftmetadown,missing,
org-mode-map,C-c C-x U,org-shiftmetaup,missing,
org-mode-map,C-c C-x R,org-shiftmetaright,missing,
org-mode-map,C-c C-x L,org-shiftmetaleft,missing,
org-mode-map,C-c C-x d,org-insert-drawer,missing,
org-mode-map,C-c C-x u,org-metaup,missing,
org-mode-map,C-c C-x r,org-metaright,missing,
org-mode-map,C-c C-x l,org-metaleft,missing,
org-mode-map,C-c C-x RET,org-meta-return,missing,
org-mode-map,C-c C-x s,org-insert-structure-template,missing,
org-mode-map,C-c C-x M,org-insert-todo-heading,missing,
org-mode-map,C-c C-x m,org-meta-return,missing,
org-mode-map,C-c C-x c,org-clone-subtree-with-time-shift,missing,
org-mode-map,<remap> <transpose-words>,org-transpose-words,missing,
org-mode-map,<remap> <delete-indentation>,org-delete-indentation,missing,
org-mode-map,<remap> <fill-paragraph>,org-fill-paragraph,missing,
org-mode-map,<remap> <forward-sentence>,org-forward-sentence,missing,
org-mode-map,<remap> <backward-sentence>,org-backward-sentence,missing,
org-mode-map,<remap> <backward-paragraph>,org-backward-paragraph,missing,
org-mode-map,<remap> <forward-paragraph>,org-forward-paragraph,missing,
org-mode-map,<remap> <move-end-of-line>,org-end-of-line,missing,
org-mode-map,<remap> <move-beginning-of-line>,org-beginning-of-line,missing,
org-mode-map,<remap> <comment-dwim>,org-comment-dwim,missing,
org-mode-map,<remap> <yank>,org-yank,missing,
org-mode-map,<remap> <open-line>,org-open-line,missing,
org-mode-map,<remap> <kill-line>,org-kill-line,missing,
org-mode-map,<remap> <delete-backward-char>,org-delete-backward-char,missing,
org-mode-map,<remap> <delete-char>,org-delete-char,missing,
org-mode-map,<remap> <self-insert-command>,org-self-insert-command,missing,
org-mode-map,<remap> <outline-up-heading>,org-up-heading,missing,
org-mode-map,<remap> <outline-show-children>,org-fold-show-children,missing,
org-mode-map,<remap> <outline-previous-visible-heading>,org-previous-visible-heading,missing,
org-mode-map,<remap> <outline-next-visible-heading>,org-next-visible-heading,missing,
org-mode-map,<remap> <outline-insert-heading>,org-ctrl-c-ret,missing,
org-mode-map,<remap> <outline-demote>,org-demote-subtree,missing,
org-mode-map,<remap> <outline-promote>,org-promote-subtree,missing,
org-mode-map,<remap> <outline-show-branches>,org-kill-note-or-show-branches,missing,
org-mode-map,<remap> <outline-backward-same-level>,org-backward-heading-same-level,missing,
org-mode-map,<remap> <outline-forward-same-level>,org-forward-heading-same-level,missing,
org-mode-map,<remap> <outline-show-subtree>,org-fold-show-subtree,missing,
org-mode-map,<remap> <outline-mark-subtree>,org-mark-subtree,missing,
org-mode-map,<menu-bar> <show>,undefined,missing,
org-mode-map,<menu-bar> <hide>,undefined,missing,
org-mode-map,<menu-bar> <headings>,undefined,missing,
org-mode-map,C-c M-o,outline-find-headings,missing,
org-mode-map,C-c C->,org-demote-subtree,missing,
org-mode-map,C-c C-<,org-promote-subtree,missing,
org-mode-map,C-c C-u,org-up-heading,missing,
org-mode-map,C-c C-p,org-previous-visible-heading,missing,
org-mode-map,C-c C-n,org-next-visible-heading,missing,
org-agenda-mode-map,K,org-habit-toggle-display-in-agenda,missing,
org-agenda-mode-map,<mouse-3>,org-agenda-show-mouse,missing,
org-agenda-mode-map,<mouse-2>,org-agenda-goto-mouse,missing,
org-agenda-mode-map,?,org-agenda-show-the-flagging-note,missing,
org-agenda-mode-map,;,org-timer-set-timer,missing,
org-agenda-mode-map,^,org-agenda-filter-by-top-headline,missing,
org-agenda-mode-map,<,org-agenda-filter-by-category,missing,
org-agenda-mode-map,~,org-agenda-limit-interactively,missing,
org-agenda-mode-map,|,org-agenda-filter-remove-all,missing,
org-agenda-mode-map,/,org-agenda-filter,missing,
org-agenda-mode-map,=,org-agenda-filter-by-regexp,missing,
org-agenda-mode-map,_,org-agenda-filter-by-effort,missing,
org-agenda-mode-map,\,org-agenda-filter-by-tag,missing,
org-agenda-mode-map,},org-agenda-manipulate-query-subtract-re,missing,
org-agenda-mode-map,{,org-agenda-manipulate-query-add-re,missing,
org-agenda-mode-map,],org-agenda-manipulate-query-subtract,missing,
org-agenda-mode-map,[,org-agenda-manipulate-query-add,missing,
org-agenda-mode-map,b,org-agenda-earlier,missing,
org-agenda-mode-map,f,org-agenda-later,missing,
org-agenda-mode-map,S-<down>,org-agenda-priority-down,missing,
org-agenda-mode-map,S-<up>,org-agenda-priority-up,missing,
org-agenda-mode-map,-,org-agenda-priority-down,missing,
org-agenda-mode-map,+,org-agenda-priority-up,missing,
org-agenda-mode-map,J,org-agenda-clock-goto,missing,
org-agenda-mode-map,X,org-agenda-clock-cancel,missing,
org-agenda-mode-map,O,org-agenda-clock-out,missing,
org-agenda-mode-map,I,org-agenda-clock-in,missing,
org-agenda-mode-map,H,org-agenda-holidays,missing,
org-agenda-mode-map,h,org-agenda-holidays,missing,
org-agenda-mode-map,S,org-agenda-sunrise-sunset,missing,
org-agenda-mode-map,M,org-agenda-phases-of-moon,missing,
org-agenda-mode-map,C,org-agenda-convert-date,missing,
org-agenda-mode-map,c,org-agenda-goto-calendar,missing,
org-agenda-mode-map,i,org-agenda-diary-entry,missing,
org-agenda-mode-map,",",org-agenda-priority,missing,
org-agenda-mode-map,<up>,org-agenda-previous-line,missing,
org-agenda-mode-map,C-p,org-agenda-previous-line,missing,
org-agenda-mode-map,<down>,org-agenda-next-line,missing,
org-agenda-mode-map,C-n,org-agenda-next-line,missing,
org-agenda-mode-map,P,org-agenda-previous-item,missing,
org-agenda-mode-map,N,org-agenda-next-item,missing,
org-agenda-mode-map,p,org-agenda-previous-line,missing,
org-agenda-mode-map,n,org-agenda-next-line,missing,
org-agenda-mode-map,T,org-agenda-show-tags,missing,
org-agenda-mode-map,s,org-save-all-org-buffers,missing,
org-agenda-mode-map,x,org-agenda-exit,missing,
org-agenda-mode-map,Q,org-agenda-Quit,missing,
org-agenda-mode-map,q,org-agenda-quit,missing,
org-agenda-mode-map,e,org-agenda-set-effort,missing,
org-agenda-mode-map,g,org-agenda-redo-all,missing,
org-agenda-mode-map,r,org-agenda-redo,missing,
org-agenda-mode-map,G,org-agenda-toggle-time-grid,missing,
org-agenda-mode-map,!,org-agenda-toggle-deadlines,missing,
org-agenda-mode-map,D,org-agenda-toggle-diary,missing,
org-agenda-mode-map,v,org-agenda-view-mode-dispatch,missing,
org-agenda-mode-map,l,org-agenda-log-mode,missing,
org-agenda-mode-map,E,org-agenda-entry-text-mode,missing,
org-agenda-mode-map,R,org-agenda-clockreport-mode,missing,
org-agenda-mode-map,F,org-agenda-follow-mode,missing,
org-agenda-mode-map,0,digit-argument,missing,
org-agenda-mode-map,9,digit-argument,missing,
org-agenda-mode-map,8,digit-argument,missing,
org-agenda-mode-map,7,digit-argument,missing,
org-agenda-mode-map,6,digit-argument,missing,
org-agenda-mode-map,5,digit-argument,missing,
org-agenda-mode-map,4,digit-argument,missing,
org-agenda-mode-map,3,digit-argument,missing,
org-agenda-mode-map,2,digit-argument,missing,
org-agenda-mode-map,1,digit-argument,missing,
org-agenda-mode-map,>,org-agenda-date-prompt,missing,
org-agenda-mode-map,S-<left>,org-agenda-do-date-earlier,missing,
org-agenda-mode-map,S-<right>,org-agenda-do-date-later,missing,
org-agenda-mode-map,z,org-agenda-add-note,missing,
org-agenda-mode-map,y,org-agenda-year-view,missing,
org-agenda-mode-map,w,org-agenda-week-view,missing,
org-agenda-mode-map,d,org-agenda-day-view,missing,
org-agenda-mode-map,j,org-agenda-goto-date,missing,
org-agenda-mode-map,.,org-agenda-goto-today,missing,
org-agenda-mode-map,:,org-agenda-set-tags,missing,
org-agenda-mode-map,a,org-agenda-archive-default-with-confirmation,missing,
org-agenda-mode-map,t,org-agenda-todo,missing,
org-agenda-mode-map,L,org-agenda-recenter,missing,
org-agenda-mode-map,o,delete-other-windows,missing,
org-agenda-mode-map,C-S-<left>,org-agenda-todo-previousset,missing,
org-agenda-mode-map,C-S-<right>,org-agenda-todo-nextset,missing,
org-agenda-mode-map,DEL,org-agenda-show-scroll-down,missing,
org-agenda-mode-map,<backspace>,org-agenda-show-scroll-down,missing,
org-agenda-mode-map,SPC,org-agenda-show-and-scroll-up,missing,
org-agenda-mode-map,$,org-agenda-archive,missing,
org-agenda-mode-map,A,org-agenda-append-agenda,missing,
org-agenda-mode-map,k,org-agenda-capture,missing,
org-agenda-mode-map,B,org-agenda-bulk-action,missing,
org-agenda-mode-map,U,org-agenda-bulk-unmark-all,missing,
org-agenda-mode-map,u,org-agenda-bulk-unmark,missing,
org-agenda-mode-map,%,org-agenda-bulk-mark-regexp,missing,
org-agenda-mode-map,#,org-agenda-dim-blocked-tasks,missing,
org-agenda-mode-map,*,org-agenda-bulk-mark-all,missing,
org-agenda-mode-map,M-*,org-agenda-bulk-toggle-all,missing,
org-agenda-mode-map,M-m,org-agenda-bulk-toggle,missing,
org-agenda-mode-map,m,org-agenda-bulk-mark,missing,
org-agenda-mode-map,M-<up>,org-agenda-drag-line-backward,missing,
org-agenda-mode-map,M-<down>,org-agenda-drag-line-forward,missing,
org-agenda-mode-map,C-c C-c,org-agenda-ctrl-c-ctrl-c,missing,
org-agenda-mode-map,"C-c ,",org-agenda-priority,missing,
org-agenda-mode-map,C-c C-p,org-agenda-previous-date-line,missing,
org-agenda-mode-map,C-c C-n,org-agenda-next-date-line,missing,
org-agenda-mode-map,C-c C-a,org-attach,missing,
org-agenda-mode-map,C-c C-d,org-agenda-deadline,missing,
org-agenda-mode-map,C-c C-s,org-agenda-schedule,missing,
org-agenda-mode-map,C-c C-z,org-agenda-add-note,missing,
org-agenda-mode-map,C-c C-q,org-agenda-set-tags,missing,
org-agenda-mode-map,C-c C-t,org-agenda-todo,missing,
org-agenda-mode-map,C-c C-o,org-agenda-open-link,missing,
org-agenda-mode-map,C-c $,org-agenda-archive,missing,
org-agenda-mode-map,C-c C-x I,org-info-find-node,missing,
org-agenda-mode-map,C-c C-x RET p,org-mobile-push,missing,
org-agenda-mode-map,C-c C-x RET g,org-mobile-pull,missing,
org-agenda-mode-map,C-c C-x _,org-timer-stop,missing,
org-agenda-mode-map,C-c C-x <,org-agenda-set-restriction-lock-from-agenda,missing,
org-agenda-mode-map,C-c C-x >,org-agenda-remove-restriction-lock,missing,
org-agenda-mode-map,C-c C-x C-c,org-agenda-columns,missing,
org-agenda-mode-map,C-c C-x <down>,org-agenda-priority-down,missing,
org-agenda-mode-map,C-c C-x <up>,org-agenda-priority-up,missing,
org-agenda-mode-map,C-c C-x C-j,org-clock-goto,missing,
org-agenda-mode-map,C-c C-x C-x,org-agenda-clock-cancel,missing,
org-agenda-mode-map,C-c C-x C-o,org-agenda-clock-out,missing,
org-agenda-mode-map,C-c C-x TAB,org-agenda-clock-in,missing,
org-agenda-mode-map,C-c C-x p,org-agenda-set-property,missing,
org-agenda-mode-map,C-c C-x C-e,org-clock-modify-effort-estimate,missing,
org-agenda-mode-map,C-c C-x e,org-agenda-set-effort,missing,
org-agenda-mode-map,C-c C-x <left>,org-agenda-do-date-earlier,missing,
org-agenda-mode-map,C-c C-x <right>,org-agenda-do-date-later,missing,
org-agenda-mode-map,C-c C-x b,org-agenda-tree-to-indirect-buffer,missing,
org-agenda-mode-map,C-c C-x C-s,org-agenda-archive,missing,
org-agenda-mode-map,C-c C-x A,org-agenda-archive-to-archive-sibling,missing,
org-agenda-mode-map,C-c C-x a,org-agenda-toggle-archive-tag,missing,
org-agenda-mode-map,C-c C-x C-a,org-agenda-archive-default,missing,
org-agenda-mode-map,C-c C-x !,org-reload,missing,
org-agenda-mode-map,C-c C-w,org-agenda-refile,missing,
org-agenda-mode-map,C-k,org-agenda-kill,missing,
org-agenda-mode-map,RET,org-agenda-switch-to,missing,
org-agenda-mode-map,<tab>,org-agenda-goto,missing,
org-agenda-mode-map,TAB,org-agenda-goto,missing,
org-agenda-mode-map,C-/,org-agenda-undo,missing,
org-agenda-mode-map,<undo>,org-agenda-undo,missing,
org-agenda-mode-map,s-z,org-agenda-undo,missing,
org-agenda-mode-map,C-_,org-agenda-undo,missing,
org-agenda-mode-map,C-x C-s,org-save-all-org-buffers,missing,
org-agenda-mode-map,C-x C-w,org-agenda-write,missing,
org-agenda-mode-map,C-x u,org-agenda-undo,missing,
org-agenda-mode-map,<remap> <backward-paragraph>,org-agenda-backward-block,missing,
org-agenda-mode-map,<remap> <forward-paragraph>,org-agenda-forward-block,missing,
org-agenda-mode-map,<remap> <move-end-of-line>,org-agenda-end-of-line,missing,
org-capture-mode-map,C-c C-w,org-capture-refile,missing,
org-capture-mode-map,C-c C-k,org-capture-kill,missing,
org-capture-mode-map,C-c C-c,org-capture-finalize,missing,
org-src-mode-map,C-x C-s,org-edit-src-save,missing,
org-src-mode-map,C-c C-k,org-edit-src-abort,missing,
org-src-mode-map,C-c ',org-edit-src-exit,missing,
org-columns-map,M-S-<left>,org-columns-delete,missing,
org-columns-map,M-S-<right>,org-columns-new,missing,
org-columns-map,M-<up>,org-columns-move-row-up,missing,
org-columns-map,M-<down>,org-columns-move-row-down,missing,
org-columns-map,M-<left>,org-columns-move-left,missing,
org-columns-map,M-<right>,org-columns-move-right,missing,
org-columns-map,>,org-columns-widen,missing,
org-columns-map,<,org-columns-narrow,missing,
org-columns-map,p,org-columns-previous-allowed-value,missing,
org-columns-map,S-<left>,org-columns-previous-allowed-value,missing,
org-columns-map,n,org-columns-next-allowed-value,missing,
org-columns-map,S-<right>,org-columns-next-allowed-value,missing,
org-columns-map,<down>,org-columns-move-down,missing,
org-columns-map,<up>,org-columns-move-up,missing,
org-columns-map,<right>,forward-char,missing,
org-columns-map,s,org-columns-edit-attributes,missing,
org-columns-map,a,org-columns-edit-allowed,missing,
org-columns-map,M-f,forward-char,missing,
org-columns-map,M-b,backward-char,missing,
org-columns-map,<left>,backward-char,missing,
org-columns-map,g,org-columns-redo,missing,
org-columns-map,r,org-columns-redo,missing,
org-columns-map,q,org-columns-quit,missing,
org-columns-map,v,org-columns-show-value,missing,
org-columns-map,C-c C-o,org-columns-open-link,missing,
org-columns-map,C-c C-c,org-columns-toggle-or-columns-quit,missing,
org-columns-map,C-c C-t,org-columns-todo,missing,
org-columns-map,e,org-columns-edit-value,missing,
org-columns-map,o,org-overview,missing,
org-columns-map,?,org-columns-help-quick-toggle,missing,
org-columns-map,c,org-columns-content,missing,
